{
    "tags" : [ {
      "ID" : 0,
      "pose" : {
        "translation" : {
          "x" : 0,
          "y" : 1,
          "z" : 0
        },
        "rotation" : {
          "quaternion" : {
            "W" : 0.7071067811865476,
            "X" : 0.0,
            "Y" : 0,
            "Z" : -0.7071067811865475
           }
        }
      }
    } ],
    "field" : {
      "length" : 8.2296,
      "width" : 16.4592
    }
  }